slug,region,pays,type,nom,title,description
france-compositeur-bruno-alexiu,Europe,France,Compositeur,Bruno Alexiu,Bruno Alexiu | Compositeur | France,Bruno Alexiu est répertorié en Compositeur pour le pays France (Europe).
france-compositeur-marc-hillman,Europe,France,Compositeur,Marc Hillman,Marc Hillman | Compositeur | France,Marc Hillman est répertorié en Compositeur pour le pays France (Europe).
france-compositeur-frederic-rousseau,Europe,France,Compositeur,Frédéric Rousseau,Frédéric Rousseau | Compositeur | France,Frédéric Rousseau est répertorié en Compositeur pour le pays France (Europe).
france-compositeur-michel-arbatz,Europe,France,Compositeur,Michel Arbatz,Michel Arbatz | Compositeur | France,Michel Arbatz est répertorié en Compositeur pour le pays France (Europe).
france-compositeur-bernard-lubat,Europe,France,Compositeur,Bernard Lubat,Bernard Lubat | Compositeur | France,Bernard Lubat est répertorié en Compositeur pour le pays France (Europe).
france-compositeur-jean-marie-senia,Europe,France,Compositeur,Jean-Marie Sénia,Jean-Marie Sénia | Compositeur | France,Jean-Marie Sénia est répertorié en Compositeur pour le pays France (Europe).
france-compositeur-pascal-bantz,Europe,France,Compositeur,Pascal Bantz,Pascal Bantz | Compositeur | France,Pascal Bantz est répertorié en Compositeur pour le pays France (Europe).
france-compositeur-philippe-miller,Europe,France,Compositeur,Philippe Miller,Philippe Miller | Compositeur | France,Philippe Miller est répertorié en Compositeur pour le pays France (Europe).
france-compositeur-jean-paul-vigier,Europe,France,Compositeur,Jean Paul Vigier,Jean Paul Vigier | Compositeur | France,Jean Paul Vigier est répertorié en Compositeur pour le pays France (Europe).
france-compositeur-nicolas-becker,Europe,France,Compositeur,Nicolas Becker,Nicolas Becker | Compositeur | France,Nicolas Becker est répertorié en Compositeur pour le pays France (Europe).
france-compositeur-leon-milo,Europe,France,Compositeur,Léon Milo,Léon Milo | Compositeur | France,Léon Milo est répertorié en Compositeur pour le pays France (Europe).
france-compositeur-nicolas-wegrow,Europe,France,Compositeur,Nicolas Wegrow,Nicolas Wegrow | Compositeur | France,Nicolas Wegrow est répertorié en Compositeur pour le pays France (Europe).
france-compositeur-bernard-cavanna,Europe,France,Compositeur,Bernard Cavanna,Bernard Cavanna | Compositeur | France,Bernard Cavanna est répertorié en Compositeur pour le pays France (Europe).
france-compositeur-stephane-zidi,Europe,France,Compositeur,Stephane Zidi,Stephane Zidi | Compositeur | France,Stephane Zidi est répertorié en Compositeur pour le pays France (Europe).
france-compositeur-martin-wheeler,Europe,France,Compositeur,Martin Wheeler,Martin Wheeler | Compositeur | France,Martin Wheeler est répertorié en Compositeur pour le pays France (Europe).
france-compositeur-jerome-coullet,Europe,France,Compositeur,Jérome Coullet,Jérome Coullet | Compositeur | France,Jérome Coullet est répertorié en Compositeur pour le pays France (Europe).
france-compositeur-jean-musy,Europe,France,Compositeur,Jean Musy,Jean Musy | Compositeur | France,Jean Musy est répertorié en Compositeur pour le pays France (Europe).
france-compositeur-charles-court,Europe,France,Compositeur,Charles Court,Charles Court | Compositeur | France,Charles Court est répertorié en Compositeur pour le pays France (Europe).
france-compositeur-carolin-petit,Europe,France,Compositeur,Carolin Petit,Carolin Petit | Compositeur | France,Carolin Petit est répertorié en Compositeur pour le pays France (Europe).
france-compositeur-franck-gervais,Europe,France,Compositeur,Franck Gervais,Franck Gervais | Compositeur | France,Franck Gervais est répertorié en Compositeur pour le pays France (Europe).
france-compositeur-marc-perrone,Europe,France,Compositeur,Marc Perrone,Marc Perrone | Compositeur | France,Marc Perrone est répertorié en Compositeur pour le pays France (Europe).
france-compositeur-pierre-andre-athane,Europe,France,Compositeur,Pierre-André Athané,Pierre-André Athané | Compositeur | France,Pierre-André Athané est répertorié en Compositeur pour le pays France (Europe).
france-compositeur-francois-tusques,Europe,France,Compositeur,François Tusques,François Tusques | Compositeur | France,François Tusques est répertorié en Compositeur pour le pays France (Europe).
france-compositeur-baptiste-brice,Europe,France,Compositeur,Baptiste Brice,Baptiste Brice | Compositeur | France,Baptiste Brice est répertorié en Compositeur pour le pays France (Europe).
france-compositeur-henri-seroka,Europe,France,Compositeur,Henri Séroka,Henri Séroka | Compositeur | France,Henri Séroka est répertorié en Compositeur pour le pays France (Europe).
france-compositeur-eric-chevalier,Europe,France,Compositeur,Eric Chevalier,Eric Chevalier | Compositeur | France,Eric Chevalier est répertorié en Compositeur pour le pays France (Europe).
france-compositeur-frederic-rousseau,Europe,France,Compositeur,Frédéric Rousseau,Frédéric Rousseau | Compositeur | France,Frédéric Rousseau est répertorié en Compositeur pour le pays France (Europe).
france-compositeur-christian-fabre-dit-garrus,Europe,France,Compositeur,Christian Fabre-Dit-Garrus,Christian Fabre-Dit-Garrus | Compositeur | France,Christian Fabre-Dit-Garrus est répertorié en Compositeur pour le pays France (Europe).
france-compositeur-olivier-pianko,Europe,France,Compositeur,Olivier Pianko,Olivier Pianko | Compositeur | France,Olivier Pianko est répertorié en Compositeur pour le pays France (Europe).
france-compositeur-evgueni-galperine,Europe,France,Compositeur,Evgueni Galperine,Evgueni Galperine | Compositeur | France,Evgueni Galperine est répertorié en Compositeur pour le pays France (Europe).
france-compositeur-pascal-perino,Europe,France,Compositeur,Pascal Perino,Pascal Perino | Compositeur | France,Pascal Perino est répertorié en Compositeur pour le pays France (Europe).
france-compositeur-sacha-galperine,Europe,France,Compositeur,Sacha Galperine,Sacha Galperine | Compositeur | France,Sacha Galperine est répertorié en Compositeur pour le pays France (Europe).
france-compositeur-karim-lekehal,Europe,France,Compositeur,Karim Lekehal,Karim Lekehal | Compositeur | France,Karim Lekehal est répertorié en Compositeur pour le pays France (Europe).
france-compositeur-pierre-porte,Europe,France,Compositeur,Pierre Porte,Pierre Porte | Compositeur | France,Pierre Porte est répertorié en Compositeur pour le pays France (Europe).
allemagne-compositeur-julian-boyd,Europe,Allemagne,Compositeur,Julian Boyd,Julian Boyd | Compositeur | Allemagne,Julian Boyd est répertorié en Compositeur pour le pays Allemagne (Europe).
allemagne-compositeur-curt-cress,Europe,Allemagne,Compositeur,Curt Cress,Curt Cress | Compositeur | Allemagne,Curt Cress est répertorié en Compositeur pour le pays Allemagne (Europe).
allemagne-compositeur-klaus-doldinger,Europe,Allemagne,Compositeur,Klaus Doldinger,Klaus Doldinger | Compositeur | Allemagne,Klaus Doldinger est répertorié en Compositeur pour le pays Allemagne (Europe).
allemagne-compositeur-axel-donner,Europe,Allemagne,Compositeur,Axel Donner,Axel Donner | Compositeur | Allemagne,Axel Donner est répertorié en Compositeur pour le pays Allemagne (Europe).
allemagne-compositeur-gunther-fischer,Europe,Allemagne,Compositeur,Günther Fischer,Günther Fischer | Compositeur | Allemagne,Günther Fischer est répertorié en Compositeur pour le pays Allemagne (Europe).
allemagne-compositeur-hans-franek,Europe,Allemagne,Compositeur,Hans Franek,Hans Franek | Compositeur | Allemagne,Hans Franek est répertorié en Compositeur pour le pays Allemagne (Europe).
allemagne-compositeur-ingo-frenzel,Europe,Allemagne,Compositeur,Ingo Frenzel,Ingo Frenzel | Compositeur | Allemagne,Ingo Frenzel est répertorié en Compositeur pour le pays Allemagne (Europe).
allemagne-compositeur-jan-krzyzostaniak,Europe,Allemagne,Compositeur,Jan Krzyzostaniak,Jan Krzyzostaniak | Compositeur | Allemagne,Jan Krzyzostaniak est répertorié en Compositeur pour le pays Allemagne (Europe).
allemagne-compositeur-rainer-lingk,Europe,Allemagne,Compositeur,Rainer Lingk,Rainer Lingk | Compositeur | Allemagne,Rainer Lingk est répertorié en Compositeur pour le pays Allemagne (Europe).
allemagne-compositeur-ulrich-rassy,Europe,Allemagne,Compositeur,Ulrich Rassy,Ulrich Rassy | Compositeur | Allemagne,Ulrich Rassy est répertorié en Compositeur pour le pays Allemagne (Europe).
allemagne-compositeur-georg-reichelt,Europe,Allemagne,Compositeur,Georg Reichelt,Georg Reichelt | Compositeur | Allemagne,Georg Reichelt est répertorié en Compositeur pour le pays Allemagne (Europe).
allemagne-compositeur-gunther-ress,Europe,Allemagne,Compositeur,Günther Ress,Günther Ress | Compositeur | Allemagne,Günther Ress est répertorié en Compositeur pour le pays Allemagne (Europe).
allemagne-compositeur-andreas-schafer,Europe,Allemagne,Compositeur,Andreas Schäfer,Andreas Schäfer | Compositeur | Allemagne,Andreas Schäfer est répertorié en Compositeur pour le pays Allemagne (Europe).
allemagne-compositeur-christoph-schauer,Europe,Allemagne,Compositeur,Christoph Schaüer,Christoph Schaüer | Compositeur | Allemagne,Christoph Schaüer est répertorié en Compositeur pour le pays Allemagne (Europe).
allemagne-compositeur-jochen-schmidt,Europe,Allemagne,Compositeur,Jochen Schmidt,Jochen Schmidt | Compositeur | Allemagne,Jochen Schmidt est répertorié en Compositeur pour le pays Allemagne (Europe).
allemagne-compositeur-ferenc-snetberger,Europe,Allemagne,Compositeur,Ferenc Snetberger,Ferenc Snetberger | Compositeur | Allemagne,Ferenc Snetberger est répertorié en Compositeur pour le pays Allemagne (Europe).
allemagne-compositeur-thomas-stelzer,Europe,Allemagne,Compositeur,Thomas Stelzer,Thomas Stelzer | Compositeur | Allemagne,Thomas Stelzer est répertorié en Compositeur pour le pays Allemagne (Europe).
allemagne-compositeur-hans-wiedemann,Europe,Allemagne,Compositeur,Hans Wiedemann,Hans Wiedemann | Compositeur | Allemagne,Hans Wiedemann est répertorié en Compositeur pour le pays Allemagne (Europe).
allemagne-compositeur-frank-stefan-wulff,Europe,Allemagne,Compositeur,Frank & Stefan Wulff,Frank & Stefan Wulff | Compositeur | Allemagne,Frank & Stefan Wulff est répertorié en Compositeur pour le pays Allemagne (Europe).
allemagne-editeur-ama-verlag,Europe,Allemagne,Editeur,AMA verlag,AMA verlag | Editeur | Allemagne,AMA verlag est répertorié en Editeur pour le pays Allemagne (Europe).
allemagne-editeur-alexander-films,Europe,Allemagne,Editeur,Alexander Films,Alexander Films | Editeur | Allemagne,Alexander Films est répertorié en Editeur pour le pays Allemagne (Europe).
allemagne-editeur-klangraum,Europe,Allemagne,Editeur,Klangraum,Klangraum | Editeur | Allemagne,Klangraum est répertorié en Editeur pour le pays Allemagne (Europe).
allemagne-editeur-looks-filmproduktion,Europe,Allemagne,Editeur,LOOKS Filmproduktion,LOOKS Filmproduktion | Editeur | Allemagne,LOOKS Filmproduktion est répertorié en Editeur pour le pays Allemagne (Europe).
allemagne-editeur-mona-davis-music,Europe,Allemagne,Editeur,Mona Davis Music,Mona Davis Music | Editeur | Allemagne,Mona Davis Music est répertorié en Editeur pour le pays Allemagne (Europe).
allemagne-editeur-telstar-music,Europe,Allemagne,Editeur,Telstar Music,Telstar Music | Editeur | Allemagne,Telstar Music est répertorié en Editeur pour le pays Allemagne (Europe).
allemagne-editeur-wantok-music,Europe,Allemagne,Editeur,Wantok Music,Wantok Music | Editeur | Allemagne,Wantok Music est répertorié en Editeur pour le pays Allemagne (Europe).
espagne-compositeur-jose-nieto,Europe,Espagne,Compositeur,José Nieto,José Nieto | Compositeur | Espagne,José Nieto est répertorié en Compositeur pour le pays Espagne (Europe).
espagne-compositeur-santi-vega,Europe,Espagne,Compositeur,Santi Vega,Santi Vega | Compositeur | Espagne,Santi Vega est répertorié en Compositeur pour le pays Espagne (Europe).
espagne-compositeur-jaume-carreras,Europe,Espagne,Compositeur,Jaume Carreras,Jaume Carreras | Compositeur | Espagne,Jaume Carreras est répertorié en Compositeur pour le pays Espagne (Europe).
espagne-compositeur-bernardo-bonezzi,Europe,Espagne,Compositeur,Bernardo Bonezzi,Bernardo Bonezzi | Compositeur | Espagne,Bernardo Bonezzi est répertorié en Compositeur pour le pays Espagne (Europe).
espagne-compositeur-alejandro-roman,Europe,Espagne,Compositeur,Alejandro Romàn,Alejandro Romàn | Compositeur | Espagne,Alejandro Romàn est répertorié en Compositeur pour le pays Espagne (Europe).
espagne-compositeur-rudy-gnutti,Europe,Espagne,Compositeur,Rudy Gnutti,Rudy Gnutti | Compositeur | Espagne,Rudy Gnutti est répertorié en Compositeur pour le pays Espagne (Europe).
espagne-compositeur-mariano-marin,Europe,Espagne,Compositeur,Mariano Marin,Mariano Marin | Compositeur | Espagne,Mariano Marin est répertorié en Compositeur pour le pays Espagne (Europe).
espagne-compositeur-manel-gil,Europe,Espagne,Compositeur,Manel Gil,Manel Gil | Compositeur | Espagne,Manel Gil est répertorié en Compositeur pour le pays Espagne (Europe).
espagne-compositeur-david-giro,Europe,Espagne,Compositeur,David Giro,David Giro | Compositeur | Espagne,David Giro est répertorié en Compositeur pour le pays Espagne (Europe).
espagne-compositeur-bingen-mendizabal,Europe,Espagne,Compositeur,Bingen Mendizabal,Bingen Mendizabal | Compositeur | Espagne,Bingen Mendizabal est répertorié en Compositeur pour le pays Espagne (Europe).
espagne-compositeur-aranzazu-calleja,Europe,Espagne,Compositeur,Aranzazu Calleja,Aranzazu Calleja | Compositeur | Espagne,Aranzazu Calleja est répertorié en Compositeur pour le pays Espagne (Europe).
espagne-compositeur-juan-bardem,Europe,Espagne,Compositeur,Juan Bardem,Juan Bardem | Compositeur | Espagne,Juan Bardem est répertorié en Compositeur pour le pays Espagne (Europe).
espagne-compositeur-anton-garcia-abril,Europe,Espagne,Compositeur,Anton Garcia Abril,Anton Garcia Abril | Compositeur | Espagne,Anton Garcia Abril est répertorié en Compositeur pour le pays Espagne (Europe).
espagne-compositeur-enric-murillo,Europe,Espagne,Compositeur,Enric Murillo,Enric Murillo | Compositeur | Espagne,Enric Murillo est répertorié en Compositeur pour le pays Espagne (Europe).
espagne-compositeur-mario-de-benito,Europe,Espagne,Compositeur,Mario de Benito,Mario de Benito | Compositeur | Espagne,Mario de Benito est répertorié en Compositeur pour le pays Espagne (Europe).
espagne-compositeur-josep-costa,Europe,Espagne,Compositeur,Josep Costa,Josep Costa | Compositeur | Espagne,Josep Costa est répertorié en Compositeur pour le pays Espagne (Europe).
espagne-compositeur-gregorio-garcia-segura,Europe,Espagne,Compositeur,Gregorio Garcia Segura,Gregorio Garcia Segura | Compositeur | Espagne,Gregorio Garcia Segura est répertorié en Compositeur pour le pays Espagne (Europe).
espagne-compositeur-carles-mateu,Europe,Espagne,Compositeur,Carles Mateu,Carles Mateu | Compositeur | Espagne,Carles Mateu est répertorié en Compositeur pour le pays Espagne (Europe).
espagne-compositeur-vicente-chust,Europe,Espagne,Compositeur,Vicente Chust,Vicente Chust | Compositeur | Espagne,Vicente Chust est répertorié en Compositeur pour le pays Espagne (Europe).
espagne-compositeur-jose-raphael-vizcaino-cambra,Europe,Espagne,Compositeur,Jose Raphael Vizcaino Cambra,Jose Raphael Vizcaino Cambra | Compositeur | Espagne,Jose Raphael Vizcaino Cambra est répertorié en Compositeur pour le pays Espagne (Europe).
espagne-compositeur-alejandro-monleon-azcona,Europe,Espagne,Compositeur,Alejandro Monleon Azcona,Alejandro Monleon Azcona | Compositeur | Espagne,Alejandro Monleon Azcona est répertorié en Compositeur pour le pays Espagne (Europe).
espagne-editeur-new-atlantis,Europe,Espagne,Editeur,NEW ATLANTIS,NEW ATLANTIS | Editeur | Espagne,NEW ATLANTIS est répertorié en Editeur pour le pays Espagne (Europe).
espagne-editeur-heaven-music,Europe,Espagne,Editeur,HEAVEN Music,HEAVEN Music | Editeur | Espagne,HEAVEN Music est répertorié en Editeur pour le pays Espagne (Europe).
espagne-editeur-jingle-box,Europe,Espagne,Editeur,JINGLE BOX,JINGLE BOX | Editeur | Espagne,JINGLE BOX est répertorié en Editeur pour le pays Espagne (Europe).
espagne-editeur-editorial-egyson,Europe,Espagne,Editeur,EDITORIAL EGYSON,EDITORIAL EGYSON | Editeur | Espagne,EDITORIAL EGYSON est répertorié en Editeur pour le pays Espagne (Europe).
italie-compositeur-gian-lucas-ducros,Europe,Italie,Compositeur,Gian Lucas Ducros,Gian Lucas Ducros | Compositeur | Italie,Gian Lucas Ducros est répertorié en Compositeur pour le pays Italie (Europe).
italie-compositeur-claudio-romano-farinatti,Europe,Italie,Compositeur,Claudio & Romano Farinatti,Claudio & Romano Farinatti | Compositeur | Italie,Claudio & Romano Farinatti est répertorié en Compositeur pour le pays Italie (Europe).
italie-compositeur-carlo-savina,Europe,Italie,Compositeur,Carlo Savina,Carlo Savina | Compositeur | Italie,Carlo Savina est répertorié en Compositeur pour le pays Italie (Europe).
italie-compositeur-furio-bozzetti,Europe,Italie,Compositeur,Furio Bozzetti,Furio Bozzetti | Compositeur | Italie,Furio Bozzetti est répertorié en Compositeur pour le pays Italie (Europe).
italie-compositeur-rainer-lingk,Europe,Italie,Compositeur,Rainer Lingk,Rainer Lingk | Compositeur | Italie,Rainer Lingk est répertorié en Compositeur pour le pays Italie (Europe).
italie-compositeur-piero-leonardi,Europe,Italie,Compositeur,Piero Leonardi,Piero Leonardi | Compositeur | Italie,Piero Leonardi est répertorié en Compositeur pour le pays Italie (Europe).
italie-compositeur-flavio-ibba,Europe,Italie,Compositeur,Flavio Ibba,Flavio Ibba | Compositeur | Italie,Flavio Ibba est répertorié en Compositeur pour le pays Italie (Europe).
italie-compositeur-piero-montanari,Europe,Italie,Compositeur,Piero Montanari,Piero Montanari | Compositeur | Italie,Piero Montanari est répertorié en Compositeur pour le pays Italie (Europe).
italie-compositeur-luigi-venegoni,Europe,Italie,Compositeur,Luigi Venegoni,Luigi Venegoni | Compositeur | Italie,Luigi Venegoni est répertorié en Compositeur pour le pays Italie (Europe).
italie-editeur-beat-records,Europe,Italie,Editeur,BEAT Records,BEAT Records | Editeur | Italie,BEAT Records est répertorié en Editeur pour le pays Italie (Europe).
italie-editeur-national-music-sonor-films,Europe,Italie,Editeur,NATIONAL MUSIC SONOR FILMS,NATIONAL MUSIC SONOR FILMS | Editeur | Italie,NATIONAL MUSIC SONOR FILMS est répertorié en Editeur pour le pays Italie (Europe).
italie-editeur-idra,Europe,Italie,Editeur,IDRA,IDRA | Editeur | Italie,IDRA est répertorié en Editeur pour le pays Italie (Europe).
italie-editeur-emergency,Europe,Italie,Editeur,EMERGENCY,EMERGENCY | Editeur | Italie,EMERGENCY est répertorié en Editeur pour le pays Italie (Europe).
italie-editeur-chiappo,Europe,Italie,Editeur,CHIAPPO,CHIAPPO | Editeur | Italie,CHIAPPO est répertorié en Editeur pour le pays Italie (Europe).
italie-editeur-prima,Europe,Italie,Editeur,PRIMA,PRIMA | Editeur | Italie,PRIMA est répertorié en Editeur pour le pays Italie (Europe).
italie-editeur-ear,Europe,Italie,Editeur,EAR,EAR | Editeur | Italie,EAR est répertorié en Editeur pour le pays Italie (Europe).
italie-editeur-west,Europe,Italie,Editeur,WEST,WEST | Editeur | Italie,WEST est répertorié en Editeur pour le pays Italie (Europe).
italie-editeur-pontevecchio,Europe,Italie,Editeur,PONTEVECCHIO,PONTEVECCHIO | Editeur | Italie,PONTEVECCHIO est répertorié en Editeur pour le pays Italie (Europe).
danemark-compositeur-steffen-breum,Europe,Danemark,Compositeur,Steffen Breum,Steffen Breum | Compositeur | Danemark,Steffen Breum est répertorié en Compositeur pour le pays Danemark (Europe).
danemark-compositeur-jonas-colstrup,Europe,Danemark,Compositeur,Jonas Colstrup,Jonas Colstrup | Compositeur | Danemark,Jonas Colstrup est répertorié en Compositeur pour le pays Danemark (Europe).
danemark-compositeur-nikolaj-egelund,Europe,Danemark,Compositeur,Nikolaj Egelund,Nikolaj Egelund | Compositeur | Danemark,Nikolaj Egelund est répertorié en Compositeur pour le pays Danemark (Europe).
danemark-compositeur-karsten-fundal,Europe,Danemark,Compositeur,Karsten Fundal,Karsten Fundal | Compositeur | Danemark,Karsten Fundal est répertorié en Compositeur pour le pays Danemark (Europe).
danemark-compositeur-joachim-holbek,Europe,Danemark,Compositeur,Joachim Holbek,Joachim Holbek | Compositeur | Danemark,Joachim Holbek est répertorié en Compositeur pour le pays Danemark (Europe).
danemark-compositeur-soren-hyldgaard,Europe,Danemark,Compositeur,Soren Hyldgaard,Soren Hyldgaard | Compositeur | Danemark,Soren Hyldgaard est répertorié en Compositeur pour le pays Danemark (Europe).
danemark-compositeur-jeppe-kaas,Europe,Danemark,Compositeur,Jeppe Kaas,Jeppe Kaas | Compositeur | Danemark,Jeppe Kaas est répertorié en Compositeur pour le pays Danemark (Europe).
danemark-compositeur-george-keller,Europe,Danemark,Compositeur,George Keller,George Keller | Compositeur | Danemark,George Keller est répertorié en Compositeur pour le pays Danemark (Europe).
danemark-compositeur-peter-kyed,Europe,Danemark,Compositeur,Peter Kyed,Peter Kyed | Compositeur | Danemark,Peter Kyed est répertorié en Compositeur pour le pays Danemark (Europe).
danemark-compositeur-jorgen-lauritsen,Europe,Danemark,Compositeur,Jorgen Lauritsen,Jorgen Lauritsen | Compositeur | Danemark,Jorgen Lauritsen est répertorié en Compositeur pour le pays Danemark (Europe).
danemark-compositeur-nils-lassen,Europe,Danemark,Compositeur,Nils Lassen,Nils Lassen | Compositeur | Danemark,Nils Lassen est répertorié en Compositeur pour le pays Danemark (Europe).
danemark-compositeur-jacob-moth,Europe,Danemark,Compositeur,Jacob Moth,Jacob Moth | Compositeur | Danemark,Jacob Moth est répertorié en Compositeur pour le pays Danemark (Europe).
danemark-compositeur-flemming-nordkrog,Europe,Danemark,Compositeur,Flemming Nordkrog,Flemming Nordkrog | Compositeur | Danemark,Flemming Nordkrog est répertorié en Compositeur pour le pays Danemark (Europe).
danemark-compositeur-peter-schneidermann,Europe,Danemark,Compositeur,Peter Schneidermann,Peter Schneidermann | Compositeur | Danemark,Peter Schneidermann est répertorié en Compositeur pour le pays Danemark (Europe).
danemark-compositeur-tin-soheili,Europe,Danemark,Compositeur,Tin Soheili,Tin Soheili | Compositeur | Danemark,Tin Soheili est répertorié en Compositeur pour le pays Danemark (Europe).
danemark-compositeur-morten-svenstrup,Europe,Danemark,Compositeur,Morten Svenstrup,Morten Svenstrup | Compositeur | Danemark,Morten Svenstrup est répertorié en Compositeur pour le pays Danemark (Europe).
danemark-editeur-lyngdahl-music,Europe,Danemark,Editeur,LYNGDAHL Music,LYNGDAHL Music | Editeur | Danemark,LYNGDAHL Music est répertorié en Editeur pour le pays Danemark (Europe).
autriche-compositeur-christof-dienz,Europe,Autriche,Compositeur,Christof Dienz,Christof Dienz | Compositeur | Autriche,Christof Dienz est répertorié en Compositeur pour le pays Autriche (Europe).
autriche-editeur-schedler-music,Europe,Autriche,Editeur,Schedler Music,Schedler Music | Editeur | Autriche,Schedler Music est répertorié en Editeur pour le pays Autriche (Europe).
belgique-compositeur-luc-baiwir,Europe,Belgique,Compositeur,Luc Baiwir,Luc Baiwir | Compositeur | Belgique,Luc Baiwir est répertorié en Compositeur pour le pays Belgique (Europe).
belgique-compositeur-thierry-de-mey,Europe,Belgique,Compositeur,Thierry De Mey,Thierry De Mey | Compositeur | Belgique,Thierry De Mey est répertorié en Compositeur pour le pays Belgique (Europe).
belgique-compositeur-yvan-georgiev,Europe,Belgique,Compositeur,Yvan Georgiev,Yvan Georgiev | Compositeur | Belgique,Yvan Georgiev est répertorié en Compositeur pour le pays Belgique (Europe).
belgique-compositeur-hughes-marechal,Europe,Belgique,Compositeur,Hughes Maréchal,Hughes Maréchal | Compositeur | Belgique,Hughes Maréchal est répertorié en Compositeur pour le pays Belgique (Europe).
belgique-compositeur-henri-seroka,Europe,Belgique,Compositeur,Henri Seroka,Henri Seroka | Compositeur | Belgique,Henri Seroka est répertorié en Compositeur pour le pays Belgique (Europe).
finlande-compositeur-timo-hietala,Europe,Finlande,Compositeur,Timo Hietala,Timo Hietala | Compositeur | Finlande,Timo Hietala est répertorié en Compositeur pour le pays Finlande (Europe).
finlande-compositeur-peter-malyshev,Europe,Finlande,Compositeur,Peter Malyshev,Peter Malyshev | Compositeur | Finlande,Peter Malyshev est répertorié en Compositeur pour le pays Finlande (Europe).
finlande-compositeur-pete-matara,Europe,Finlande,Compositeur,Pete Matara,Pete Matara | Compositeur | Finlande,Pete Matara est répertorié en Compositeur pour le pays Finlande (Europe).
grece-compositeur-nikos-kypourgos,Europe,Grèce,Compositeur,Nikos Kypourgos,Nikos Kypourgos | Compositeur | Grèce,Nikos Kypourgos est répertorié en Compositeur pour le pays Grèce (Europe).
grece-compositeur-akis-daoutis,Europe,Grèce,Compositeur,Akis Daoutis,Akis Daoutis | Compositeur | Grèce,Akis Daoutis est répertorié en Compositeur pour le pays Grèce (Europe).
grece-compositeur-christos-gartzos,Europe,Grèce,Compositeur,Christos Gartzos,Christos Gartzos | Compositeur | Grèce,Christos Gartzos est répertorié en Compositeur pour le pays Grèce (Europe).
grece-compositeur-georges-papadakis,Europe,Grèce,Compositeur,Georges Papadakis,Georges Papadakis | Compositeur | Grèce,Georges Papadakis est répertorié en Compositeur pour le pays Grèce (Europe).
grece-compositeur-panayotis-kalantzopoulos,Europe,Grèce,Compositeur,Panayotis Kalantzopoulos,Panayotis Kalantzopoulos | Compositeur | Grèce,Panayotis Kalantzopoulos est répertorié en Compositeur pour le pays Grèce (Europe).
grece-compositeur-maro-theodorakis,Europe,Grèce,Compositeur,Maro Theodorakis,Maro Theodorakis | Compositeur | Grèce,Maro Theodorakis est répertorié en Compositeur pour le pays Grèce (Europe).
islande-compositeur-veigar-margeirsson,Europe,Islande,Compositeur,Veigar Margeirsson,Veigar Margeirsson | Compositeur | Islande,Veigar Margeirsson est répertorié en Compositeur pour le pays Islande (Europe).
lithuanie-compositeur-kipras-masanauskas,Europe,Lithuanie,Compositeur,Kipras Masanauskas,Kipras Masanauskas | Compositeur | Lithuanie,Kipras Masanauskas est répertorié en Compositeur pour le pays Lithuanie (Europe).
